insert into supermercado values(123131311, 'Jaquina´s Gourmet', 'Lisboa');
insert into supermercado values(123102922, 'Ana Pastel de Nata', 'Porto');
insert into supermercado values(100100001, 'Rui dos Pregos', 'Aveiro');
insert into supermercado values(111111111, 'Joao Alface', 'Madrid');
insert into supermercado values(100130001, 'LIDL', 'Lisboa');
insert into supermercado values(111111121, 'Betty', 'Londres');
insert into supermercado values(123144561,'Pingo doce', 'Braga');
insert into supermercado values(123182922, 'Pinga', 'Faro');
insert into supermercado values(100106601, 'Frangos Gourmet', 'Leiria');
insert into supermercado values(111331111, 'Continente', 'Cascais');
insert into supermercado values(100133301, 'Ara', 'Estoril');
insert into supermercado values(112234121, 'Loureiro Shop', 'Restelo');




insert into corredor values(123131311, 1, 1.12);
insert into corredor values(123131311, 2, 1.12);
insert into corredor values(123102922, 3, 1.13);
insert into corredor values(123102922, 4, 1.13);
insert into corredor values(100100001, 5 , 5.02);
insert into corredor values(100100001, 6, 5.02);
insert into corredor values(111111111, 4, 5.11);
insert into corredor values(111111111, 5, 5.11);
insert into corredor values(100130001, 6, 4.02);
insert into corredor values(100130001, 5, 4.02);
insert into corredor values(111111121, 3, 3.11);
insert into corredor values(111111121, 6, 3.11);
insert into corredor values(123144561, 7, 4.12);
insert into corredor values(123144561, 8, 4.12);
insert into corredor values(123182922, 8, 7.13);
insert into corredor values(123182922, 9, 7.13);
insert into corredor values(100106601, 6 ,3.02);
insert into corredor values(100106601, 9 ,3.02);
insert into corredor values(111331111, 10, 6.11);
insert into corredor values(111331111, 9, 6.11);
insert into corredor values(100133301, 11, 2.02);
insert into corredor values(100133301, 12, 2.02);
insert into corredor values(112234121, 12, 1.11);
insert into corredor values(112234121, 13, 1.11);


insert into prateleira values(123131311, 1, 'esq', 'chao');
insert into prateleira values(123131311, 1, 'dir', 'chao');
insert into prateleira values(123131311, 2, 'dir', 'medio');
insert into prateleira values(123102922, 3, 'dir', 'medio');
insert into prateleira values(123102922, 4, 'dir', 'superior');
insert into prateleira values(100100001, 5, 'esq', 'superior');
insert into prateleira values(100100001, 6, 'dir', 'medio');
insert into prateleira values(111111111, 4, 'dir', 'chao');
insert into prateleira values(111111111, 5, 'esq', 'chao');
insert into prateleira values(111111111, 4, 'dir', 'baixo');
insert into prateleira values(100130001, 5, 'esq', 'chao');
insert into prateleira values(100130001, 6, 'esq', 'superior');
insert into prateleira values(100130001, 5, 'dir', 'chao');
insert into prateleira values(111111121, 6, 'esq','superior');
insert into prateleira values(111111121, 3, 'dir','superior');
insert into prateleira values(123144561, 7, 'esq', 'medio');
insert into prateleira values(123144561, 8, 'dir', 'superior');
insert into prateleira values(123144561, 7, 'dir', 'medio');
insert into prateleira values(123182922, 8, 'esq', 'chao');
insert into prateleira values(123182922, 9, 'esq', 'chao');
insert into prateleira values(123182922, 8, 'dir', 'medio');
insert into prateleira values(100106601, 6, 'esq', 'chao');
insert into prateleira values(100106601, 6, 'dir', 'superior');
insert into prateleira values(100106601, 9, 'esq', 'superior');
insert into prateleira values(111331111, 10, 'esq', 'chao');
insert into prateleira values(111331111, 9, 'esq', 'chao');
insert into prateleira values(100133301, 11, 'dir', 'medio');
insert into prateleira values(112234121, 12, 'esq', 'chao');
insert into prateleira values(112234121, 13, 'dir', 'medio');


insert into produto values(125, 'mull', 'massa com sal');
insert into produto values(123, 'mull', 'massa sem sal');
insert into produto values(223, 'mull', 'batatas');	
insert into produto values(007, 'enlat', 'sardinha');
insert into produto values(009, 'enlat', 'atum');
insert into produto values(922, 'tron', 'pao azul');
insert into produto values(422, 'tron', 'pipocas');
insert into produto values(021, 'hech', 'arroz chines');
insert into produto values(114, 'roll', 'fruta em latada sem pigmentos');
insert into produto values(115 ,'roll', 'fruta enlatada');	
insert into produto values(323, 'mull', 'massa sem sal');
insert into produto values(122, 'tron', 'pao sementes');
insert into produto values(001, 'hech', 'caril');
insert into produto values(424, 'enlat', 'fruta em latada sem pigmentos');
insert into produto values(425 ,'enlat', 'fruta enlatada');	
insert into produto values(921, 'carni', 'lombinho de vaca');
insert into produto values(139, 'gelpeixe', 'peixe balao');
insert into produto values(243, 'carni', 'frango');	
insert into produto values(047, 'enlat', 'sardinha vermelha');
insert into produto values(109, 'mull', 'noodles');
insert into produto values(928, 'tron', 'castanhas');
insert into produto values(413, 'tron', 'nozes');
insert into produto values(019, 'hech', 'lulas');
insert into produto values(100, 'roll', 'pepino');
insert into produto values(671 ,'roll', 'ananas');	
insert into produto values(429, 'carni', 'vazia');
insert into produto values(550, 'roli', 'ravioli');
insert into produto values(523, 'hech', 'sal');
insert into produto values(777, 'enlata', 'pate');
insert into produto values(888 ,'gelpeixe', 'espada');	


insert into localizado values(125, 123131311, 1, 'esq', 'chao', 1, 5,30);
insert into localizado values(123, 123131311, 1, 'dir', 'chao', 2, 6,36);
insert into localizado values(223, 123131311, 2, 'dir', 'medio', 1, 4,35);
insert into localizado values(007, 123102922, 3, 'dir', 'medio', 2, 5,30);
insert into localizado values(009, 123102922, 4, 'dir', 'superior', 2, 5,36);
insert into localizado values(922, 123102922, 3, 'dir', 'medio', 2, 3,35);
insert into localizado values(422, 100100001, 5, 'esq', 'superior', 1, 1,30);
insert into localizado values(021, 100100001, 6, 'dir', 'medio', 2, 4,36);
insert into localizado values(114, 100100001, 5, 'esq', 'superior', 1, 2,35);
insert into localizado values(115, 111111111, 4, 'dir', 'chao', 2, 4,30);
insert into localizado values(323, 111111111, 5, 'esq', 'chao', 2, 3,36);
insert into localizado values(122, 100130001, 5, 'dir', 'chao', 11, 2,30);
insert into localizado values(001, 100130001, 6, 'esq', 'superior', 11, 4,36);
insert into localizado values(424, 100130001, 5, 'esq', 'chao', 11, 2,35);
insert into localizado values(425, 111111121, 3, 'dir', 'superior', 11, 5,30);
insert into localizado values(921, 111111121, 6, 'esq', 'superior', 11, 5,36);
insert into localizado values(139, 123144561, 7, 'dir', 'medio', 11, 5,30);
insert into localizado values(243, 123144561, 7, 'esq', 'medio', 11, 5,36);
insert into localizado values(047, 123144561, 8, 'dir', 'superior', 11, 5,35);
insert into localizado values(109, 123182922, 8, 'dir', 'medio', 11, 5,30);
insert into localizado values(928, 123182922, 9, 'esq', 'chao', 11, 5,36);
insert into localizado values(413, 123182922, 8, 'esq', 'chao', 11, 5,35);
insert into localizado values(019, 100106601, 6, 'dir', 'superior', 11, 5,30);
insert into localizado values(100, 100106601, 6, 'esq', 'chao', 11, 5,36);
insert into localizado values(671, 100106601, 9, 'esq', 'superior', 11, 5,35);
insert into localizado values(429, 111331111, 10, 'esq', 'chao', 11, 5,30);
insert into localizado values(550, 111331111, 9, 'esq', 'chao', 11, 5,36);
insert into localizado values(523, 100133301, 11, 'dir', 'medio', 11, 5,35);
insert into localizado values(777, 112234121, 12, 'esq', 'chao', 11, 5,30);
insert into localizado values(888, 112234121, 13, 'dir', 'medio', 11, 5,36);



insert into categoria values(1231301, 'pao');
insert into categoria values(1231010, 'fruta');
insert into categoria values(1001010, 'hechii');
insert into categoria values(1111101, 'rollii');
insert into categoria values(2261301, 'massas');
insert into categoria values(3231010, 'enlatados');
insert into categoria values(1901010, 'carnes');
insert into categoria values(1291101, 'peixes');


insert into organizado values(125, 2261301);                         
insert into organizado values(123, 2261301);	
insert into organizado values(007, 3231010);
insert into organizado values(009, 3231010);
insert into organizado values(922, 1111101);
insert into organizado values(422, 1001010);
insert into organizado values(021, 1001010);	
insert into organizado values(114, 1231010);
insert into organizado values(115, 1231010);
insert into organizado values(323, 2261301);
insert into organizado values(122, 1231301);	
insert into organizado values(001, 1001010);
insert into organizado values(424, 3231010);
insert into organizado values(425, 3231010);
insert into organizado values(921, 1901010);	
insert into organizado values(139, 1291101);
insert into organizado values(243, 1901010);
insert into organizado values(047, 3231010);
insert into organizado values(109, 2261301);	
insert into organizado values(928, 1111101);
insert into organizado values(413, 1111101);
insert into organizado values(019, 1001010);
insert into organizado values(100, 1231010);	
insert into organizado values(671, 1231010);
insert into organizado values(429, 1901010);
insert into organizado values(550, 1111101);
insert into organizado values(523, 1001010);	
insert into organizado values(777, 3231010);
insert into organizado values(888, 1291101);


insert into fornecedor values(123101011, 'Flajo');
insert into fornecedor values(123100005, 'Tony');
insert into fornecedor values(100100908, 'Zeca');
insert into fornecedor values(666666666, 'CostaM');
insert into fornecedor values(123355555, 'Serpa');
insert into fornecedor values(123166666, 'Mosca');
insert into fornecedor values(100199999, 'Nelfinho');
insert into fornecedor values(111222222, 'Antonio');

insert into primario values(123101011, 123, '05/05/2018');
insert into primario values(123100005, 122, '06/06/2016');
insert into primario values(666666666, 007, '08/08/2020');
insert into primario values(123101011, 009, '08/11/2018');
insert into primario values(123100005, 922, '06/06/2016');
insert into primario values(100100908, 422, '07/12/2015');
insert into primario values(666666666, 021, '08/03/2020');
insert into primario values(123101011, 921, '12/11/2014');
insert into primario values(123100005, 139, '06/06/2016');
insert into primario values(100100908, 243, '07/12/2010');
insert into primario values(666666666, 047, '08/08/2020');
insert into primario values(666666666, 109, '08/03/2020');
insert into primario values(123101011, 928, '12/01/2014');
insert into primario values(123100005, 413, '06/06/2013');
insert into primario values(100100908, 019, '07/12/2012');
insert into primario values(666666666, 100, '08/08/2022');




insert into secundario values(123355555, 125);
insert into secundario values(123166666, 125);
insert into secundario values(123166666, 114);
insert into secundario values(100199999, 223);
insert into secundario values(111222222, 115);	
insert into secundario values(123355555, 323);
insert into secundario values(123166666, 001);
insert into secundario values(100199999, 424);
insert into secundario values(111222222, 425);	
insert into secundario values(123355555, 671);
insert into secundario values(123166666, 429);
insert into secundario values(100199999, 550);
insert into secundario values(111222222, 523);	
insert into secundario values(123355555, 777);
insert into secundario values(123166666, 888);
